audio_file,model,latency_sec,memory_mb,wer,wer_token,levenshtein,levenshtein_pct,accuracy,bleu3,meteor,chrf,rougeL,reference_text,reference_text_lemma,transcript,transcript_lemma,duration_sec,latency_per_sec,memory_per_sec,tokens,tokens_per_sec
enreJerome1_0.wav,vosk-model-small-fr-0.22,7.186,74.03,0.55,0.0,25,0.207,0.0,0.286,N/A,N/A,N/A,Donc il s'agit de monsieur Janik Mohamed pour la réalisation d'une thermoablation par micro-ondes d'une métastase épatique,donc il se agir de Monsieur janik mohamed pour le réalisation de un thermoablation par micro-onde de un métastase épatiqu,dès qu'il s'agit de monsieur jeannie mohammed pour la révélation d'une terre ablation par micro onde des métastases hépatiques,dès que il se agir de Monsieur jeannie mohammed pour le révélation de un terre ablation par micro ond de métastase hépatique,N/A,N/A,N/A,19,N/A
enreJerome1_1.wav,vosk-model-small-fr-0.22,9.117,9.54,0.458,0.417,35,0.269,0.417,0.499,N/A,N/A,N/A,"stase hépatique d'origine rénale, c'est une décision de RCP, le patient est en consultation, la check-list du bloc a été faite.",stase hépatique de origine rénal ce être un décision de rcp le patient être en consultation le check list de bloc avoir être faire,c'est à z hépatique d'origine reina une décision de ses patients patienter en consultation un check list du bloc a été faite,ce être à z hépatique de origine reiner un décision de son patient patienter en consultation un check list de bloc avoir être faire,N/A,N/A,N/A,22,N/A
enreJerome1_2.wav,vosk-model-small-fr-0.22,6.837,-12.5,0.333,0.611,15,0.143,0.556,0.562,N/A,N/A,N/A,Le bloc a été fait. On va faire un guidage sous écographie. On a pris l'écographe principale.,le bloc avoir être faire on aller faire un guidage sou écographie on avoir prendre le écographe principal,du bloc a été faite on va faire un guidage sous échographie ans après l'échographie principal,de bloc avoir être faire on aller faire un guidage sou échographie an après le échographie principal,N/A,N/A,N/A,16,N/A
enreJerome1_3.wav,vosk-model-small-fr-0.22,8.007,-16.81,0.474,0.368,27,0.227,0.316,0.448,N/A,N/A,N/A,principale. L'ablation va être faite avec les générateurs en géodynamique. On a le générateur soléro oui une aiguille,principal le ablation aller être faire avec le générateur en géodynamique on avoir le générateur soléro oui un aiguille,le principal tabulation va être faite avec les générateurs manger dynamique le générateur solaire oh oui une aiguille,le principal tabulation aller être faire avec le générateur manger dynamique le générateur solaire oh oui un aiguille,N/A,N/A,N/A,18,N/A
enreJerome1_4.wav,vosk-model-small-fr-0.22,8.528,18.79,0.308,0.231,33,0.254,0.154,0.513,N/A,N/A,N/A,"Une aiguille de 14 cm, aiguille unique, on a une poche de froid comme c'est nécessaire, on va faire un abord sous écho par voie.",un aiguille de 14 cm aiguille unique on avoir un poche de froid comme ce être nécessaire on aller faire un abord sou écho par voie,une aiguille de quatorze cm et lui connaît une poche de froid comme c'est nécessaire à faire un bord sous écho par voie,un aiguille de quatorze cm et luire connaître un poche de froid comme ce être nécessaire à faire un bord sou écho par voie,N/A,N/A,N/A,23,N/A
enreJerome1_5.wav,vosk-model-small-fr-0.22,7.6,-2.1,0.56,0.08,36,0.275,0.08,0.278,N/A,N/A,N/A,"un abord sous écho par voie sous-xiphoïdienne, une seule aiguille bien centrée, une ablation, on part sur une ablation de 6 minutes à la puce.",un abord sou écho par voie sous-xiphoïdienne un seul aiguille bien centré un ablation on part sur un ablation de 6 minute à le puce,a bord sous écho pas voir soucis fois hygiène une seule aiguilles via centré une ablation par sur une ablation les six minutes à la vie,avoir bord sou écho pas voir souci fois hygiène un seul aiguille via centrer un ablation par sur un ablation le six minute à le vie,N/A,N/A,N/A,26,N/A
enreJerome1_6.wav,vosk-model-small-fr-0.22,6.174,68.32,0.105,0.895,7,0.075,0.895,0.789,N/A,N/A,N/A,"de 6 minutes à la puissance de 100 watts. Une fois que ce sera terminé, le patient sera réveillé.",de 6 minute à le puissance de 100 watt un fois que ce être terminer le patient être réveiller,de six minutes à la puissance de cent watts une fois que ce sera terminé le patient sera réveillé,de six minute à le puissance de cent watt un fois que ce être terminer le patient être réveiller,N/A,N/A,N/A,19,N/A
enreJerome1_7.wav,vosk-model-small-fr-0.22,4.215,-11.73,0.364,0.0,13,0.191,0.0,0.568,N/A,N/A,N/A,on sera réveillés et normalement la sortie est prévue demain. Merci.,on être réveiller et normalement le sortie être prévoir demain merci,ce ne sera réveillé et elle en la sortie est prévue demain merci,ce ne être réveiller et lui en le sortie être prévoir demain merci,N/A,N/A,N/A,13,N/A
enreJerome2_0.wav,vosk-model-small-fr-0.22,9.234,35.98,0.619,0.238,59,0.434,0.238,0.3,N/A,N/A,N/A,"Donc il s'agit de Madame Dejesu, on va faire une rembolisation venuspelvienne, on lui a déjà fait la phlébographie diagnostique.",donc il se agir de monsieur dejesu on aller faire un rembolisation venuspelvienn on luire avoir déjà faire le phlébographie diagnostique,lorsqu'il s'agit de mme de jésus on va faire une envoyer sur vénus pelvienne au chef la cryptographie diagnostic,lorsque il se agir de mme de jésus on aller faire un envoyer sur vénus pelvien au chef le cryptographie diagnostic,N/A,N/A,N/A,19,N/A
enreJerome2_1.wav,vosk-model-small-fr-0.22,8.612,0.68,0.385,0.192,44,0.267,0.192,0.442,N/A,N/A,N/A,"la phlébographie diagnostique la semaine dernière qui retrouvait une seule grosse vengonadique gauche donc on va piquer en cinq French, on va recatégiser avec le même...",le phlébographie diagnostique le semaine dernier qui retrouver un seul gros vengonadique gauche donc on aller piquer en cinq french on aller recatégiser avec le même,la filmographie diagnostic la semaine dernière qui a retrouvé une seule la dit que gauche donc on va pitié en cinq french quatre pièces avec le même,le filmographie diagnostic le semaine dernier qui avoir retrouver un seul la dire que gauche donc on aller pitier en cinq french quatre pièce avec le même,N/A,N/A,N/A,27,N/A
enreJerome2_2.wav,vosk-model-small-fr-0.22,9.893,8.76,0.655,0.172,82,0.577,0.138,0.262,N/A,N/A,N/A,"on va recatégier avec le même matériel, une Cobra 5. L'embolisation se fera avec de l'Onyx, on a mis le flacon d'Onyx 34-6 à secours.",on aller recatégier avec le même matériel un cobra 5 le embolisation se faire avec de le onyx on avoir mettre le flacon de onyx 34 6 à secours,french requête nos avec le même matériel cobra cinq l'embauche se fera avec véronique son ami le flacon d'un extrême quatre six c'est à cela,french requête notre avec le même matériel cobra cinq le embauche se faire avec véronique son ami le flacon de un extrême quatre six ce être à celer,N/A,N/A,N/A,25,N/A
enreJerome2_3.wav,vosk-model-small-fr-0.22,8.609,-13.05,0.833,0.0,60,0.667,0.0,0.346,N/A,N/A,N/A,"On va mettre un micro 4 trou select, une fois que ça sera fini, on remontera en chérambu",on aller mettre un micro 4 trou select un fois que cela être finir on remonter en chérambu,quatre six a secoué on utilisera un micro-casque trous select une fois que ça sera fini et ont tranchant en bus et on hum,quatre six avoir secouer on utiliser un micro-casque trou select un fois que cela être finir et avoir trancher en bus et on hum,N/A,N/A,N/A,24,N/A
enreJerome2_4.wav,vosk-model-small-fr-0.22,6.928,75.68,0.263,0.0,16,0.154,0.0,0.694,N/A,N/A,N/A,"chez Rambu et on lui donnera rendez-vous de consultation à trois mois. Allez c'est parti, merci à tous.",chez rambu et on luire donner rendez-vous de consultation à trois mois aller ce être partir merci à tout,dimanche en bus et on lui donnera un rendez-vous consultation à trois mois allez c'est parti merci à tous,dimanche en bus et on luire donner un rendez-vous consultation à trois mois aller ce être partir merci à tout,N/A,N/A,N/A,19,N/A
enreJulien1_0.wav,vosk-model-small-fr-0.22,7.222,-3.47,0.714,0.143,31,0.344,0.143,0.338,N/A,N/A,N/A,"Bonjour, aujourd'hui on va faire une radiofrequence d'un module pulmonaire du lobe moyen.",bonjour aujourd'hui on aller faire un radiofrequence de un module pulmonaire de lobe moyen,que du bonheur bonjour aujourd'hui on va faire une radio fréquence d'un nodule pulmonaire du lobby moyens il s'agit,que de bonheur bonjour aujourd'hui on aller faire un radio fréquence de un nodule pulmonaire de lobby moyen il se agir,N/A,N/A,N/A,19,N/A
enreJulien1_1.wav,vosk-model-small-fr-0.22,6.488,1.46,0.4,0.0,22,0.256,0.0,0.536,N/A,N/A,N/A,monaire du lobe moyen. Il s'agit d'un métastage probablement d'un cancer prostatique.,monaire de lobe moyen il se agir de un métastage probablement de un cancer prostatique,le bonheur du lobby moyens il s'agit d'une métastases va probablement d'un cancer prostatique donc,le bonheur de lobby moyen il se agir de un métastase aller probablement de un cancer prostatique donc,N/A,N/A,N/A,15,N/A
enreJulien1_10.wav,vosk-model-small-fr-0.22,8.869,-2.75,1.091,0.0,44,0.83,0.0,0.207,N/A,N/A,N/A,"J'ai précisé qu'on... Voilà, et après... Donc... On va...",je avoir préciser que on voilà et après donc on aller,ce gîte et le président ahmadinejad ouais ça à la et voilà et après donc va,ce gîte et le président ahmadinejad ouai cela à le et voilà et après donc aller,N/A,N/A,N/A,16,N/A
enreJulien1_11.wav,vosk-model-small-fr-0.22,11.701,34.36,0.833,0.028,115,0.639,0.0,0.319,N/A,N/A,N/A,"Euh... on va... Je te pose une question con, mais est-ce que je te prends le matériel de biopsie ? Tu as fait une biopsie aussi ? On a déjà fait une biopsie ? Ouais, juste l'ablation.",euh on aller je te pose un question con mais être -ce que je te prendre le matériel de biopsie tu avoir faire un biopsie aussi on avoir déjà faire un biopsie ouai juste le ablation,je une question complexe que je te prendre natale du biopsie tchad même si on a déjà fait une dure déjà fait avant tout juste l'ablation des armes à fois tu l'as dit,je un question complexe que je te prendre natale de biopsie tchad même si on avoir déjà faire un dur déjà faire avant tout juste le ablation de arme à fois tu le avoir dire,N/A,N/A,N/A,33,N/A
enreJulien1_12.wav,vosk-model-small-fr-0.22,8.917,-13.93,1.091,0.0,47,0.734,0.0,0.0,N/A,N/A,N/A,Tu as dit de la radiofréquence ? De la radiofréquence. Allez go !,tu avoir dire de le radiofréquence de le radiofréquence aller go,des armes à fois tu l'as dit la radiofréquence la radiofréquence m'intéresse lego les formats,un arme à fois tu le avoir dire le radiofréquence le radiofréquence me intéresser lego le format,N/A,N/A,N/A,15,N/A
enreJulien1_13.wav,vosk-model-small-fr-0.22,1.466,-78.54,N/A,N/A,N/A,N/A,N/A,N/A,N/A,N/A,N/A,N/A,N/A,,N/A,N/A,N/A,N/A,0,N/A
enreJulien1_2.wav,vosk-model-small-fr-0.22,5.813,31.55,0.538,0.077,19,0.271,0.077,0.241,N/A,N/A,N/A,"Donc pour ce faire, on va installer le patient, on le décompte dorsal.",donc pour ce faire on aller installer le patient on le décompte dorsal,les donc pour se faire en vain installer le patient en décubitus dorsal,le donc pour se faire en vain installer le patient en décubitus dorsal,N/A,N/A,N/A,13,N/A
enreJulien1_3.wav,vosk-model-small-fr-0.22,6.041,20.96,0.4,0.467,16,0.216,0.333,0.255,N/A,N/A,N/A,"le patient, le geste sera fait sous un césir général et on va procéder à",le patient le geste être faire sou un césir général et on aller procéder à,le patient léger qui sera fait sous anesthésie générale et en va procéder,le patient léger qui être faire sou anesthésie général et en aller procéder,N/A,N/A,N/A,13,N/A
enreJulien1_4.wav,vosk-model-small-fr-0.22,7.317,-2.68,0.389,0.0,22,0.222,0.0,0.539,N/A,N/A,N/A,et on va procéder avec donc une vue la localisation de la lésion on aura probablement pas besoin,et on aller procéder avec donc un vue le localisation de le lésion on avoir probablement pas besoin,elle est en vain procéder avec donc une longue-vue la localisation d'allusions on aura probablement pas besoin,lui être en vain procéder avec donc un long vue le localisation de allusion on avoir probablement pas besoin,N/A,N/A,N/A,17,N/A
enreJulien1_5.wav,vosk-model-small-fr-0.22,4.624,-16.87,0.333,0.278,18,0.184,0.222,0.586,N/A,N/A,N/A,On n'aura probablement pas besoin de faire un peu de thorax. Donc on pourra peut-être prendre une...,on ne avoir probablement pas besoin de faire un peu de thorax donc on pouvoir peut-être prendre un,on aura probablement pas besoin de de faire un pneumothorax là encore on pourra peut-être prendre une,on avoir probablement pas besoin de de faire un pneumothorax là encore on pouvoir peut-être prendre un,N/A,N/A,N/A,17,N/A
enreJulien1_6.wav,vosk-model-small-fr-0.22,4.401,5.31,0.8,0.3,26,0.553,0.3,0.191,N/A,N/A,N/A,"peut-être prendre des ballettes de 3 cm ou de 3,5.","peut-être prendre un ballette de 3 cm ou de 3,5",peut-être prendre une des palettes de trois cm au deux trois et demi,peut-être prendre un de palette de trois cm au deux trois et demi,N/A,N/A,N/A,13,N/A
enreJulien1_7.wav,vosk-model-small-fr-0.22,4.939,0.7,0.636,0.091,17,0.327,0.091,0.213,N/A,N/A,N/A,Et donc on va essayer d'aller par un bord direct.,et donc on aller essayer de aller par un bord direct,et gants combat et et essayer d'aller à part un à bord direct,et gant combat et et essayer de aller à part un à bord direct,N/A,N/A,N/A,13,N/A
enreJulien1_8.wav,vosk-model-small-fr-0.22,6.552,25.4,0.63,0.259,64,0.485,0.0,0.258,N/A,N/A,N/A,"Est-ce qu'on va prendre de l'adjent ? L'anesthésie de marge, si on prend de l'adjent ? Pour ce patient, je prends de l'adjent.",être -ce que on aller prendre de le adjent le anesthésie de marge si on prendre de le adjent pour ce patient je prendre de le adjent,arrête qu'est-ce qu'on va prendre la jeune l'anesthésiste demande chantant de la jet pour ce passage,arrêter que être -ce que on aller prendre le jeune le anesthésiste demande chanter de le jet pour ce passage,N/A,N/A,N/A,16,N/A
enreJulien1_9.wav,vosk-model-small-fr-0.22,10.089,23.07,0.469,0.5,58,0.384,0.406,0.433,N/A,N/A,N/A,"Pour ce patient, je pense qu'on n'a pas besoin de prendre de la jette. Tu mets comment le devant dans le bas sur le dos ? J'ai précisé qu'on...",pour ce patient je penser que on ne avoir pas besoin de prendre de le jette tu mettre comment le devant dans le bas sur le dos je avoir préciser que on,pour ce patient je pense qu'on n'a pas besoin de prendre le jet stream marche comment le aux demande en nations la chirurgie et président ahmadinejad ouais,pour ce patient je penser que on ne avoir pas besoin de prendre le jet stream marche comment le à demande en nation le chirurgie et président ahmadinejad ouai,N/A,N/A,N/A,27,N/A
enreJulien2_0.wav,vosk-model-small-fr-0.22,6.542,-40.09,0.393,0.536,37,0.253,0.464,0.436,N/A,N/A,N/A,"Ok, donc on a monsieur sans jauger, George, c'est une embolisation de la prostate pour un patient qui a un adénome. Donc, on part sur un geste.",ok donc on avoir Monsieur sans jauger george ce être un embolisation de le prostate pour un patient qui avoir un adénome donc on part sur un geste,ok donc on a monsieur sans jauger georges c'est une obligation de la prostate point pas cinq un à addendum non compare sur un geste,ok donc on avoir Monsieur sans jauger georges ce être un obligation de le prostate point pas cinq un à addendum non comparer sur un geste,N/A,N/A,N/A,25,N/A
enreJulien2_1.wav,vosk-model-small-fr-0.22,5.914,3.5,0.333,0.583,37,0.191,0.528,0.579,N/A,N/A,N/A,"Donc on part sur un geste assez classique, on fera scopie scan comme on fait d'habitude, donc il faut bien préparer le scan, patient allongé sous sédation et même je voudrais qu'il soit sous...",donc on partir sur un geste assez classique on faire scopie scan comme on faire de habitude donc il falloir bien préparer le scan patient allonger sou sédation et même je vouloir que il être sou,donc on part sur un geste assez classique un ouvrage scot puisqu'un comme on fait d'habitude on pour bien préparer le nos patients allongé sous sédation et même je voudrais qui soit,donc on partir sur un geste assez classique un ouvrage scot puisque un comme on faire de habitude on pour bien préparer le notre patient allonger sou sédation et même je vouloir qui être,N/A,N/A,N/A,32,N/A
enreJulien2_2.wav,vosk-model-small-fr-0.22,6.102,-8.85,0.367,0.233,33,0.193,0.233,0.584,N/A,N/A,N/A,et même je voudrais qu'il soit sous-âgé parce qu'aujourd'hui attention soyez vigilants on va utiliser un nouveau matériel c'est le micro cathéter sniper c'est du 2.7,et même je vouloir que il être sous-âgé parce que aujourd'hui attention être vigilant on aller utiliser un nouveau matériel ce être le micro cathéter sniper ce être de 2.7,sion et même je voudrais qui soit sous âgées parce qu'aujourd'hui attention soyez vigilants va utiliser un nouveau matériel si elle micro cathéter sniper c'est du de pincettes,sion et même je vouloir qui être sou âgé parce que aujourd'hui attention être vigilant aller utiliser un nouveau matériel si lui micro cathéter sniper ce être de de pincette,N/A,N/A,N/A,28,N/A
enreJulien2_3.wav,vosk-model-small-fr-0.22,6.721,8.1,0.261,0.087,50,0.242,0.087,0.673,N/A,N/A,N/A,"peur, c'est du 2.7 d'accord donc il est assez gros je sais pas si on va arriver à l'amener jusqu'à la prostate mais je crois que le bout il est plus petit non je crois que le bout il est en 2.2",peur ce être de 2.7 de accord donc il être assez gros je savoir pas si on aller arriver à le amener jusque à le prostate mais je croire que le bout il être plus petit non je croire que le bout il être en 2.2,peur c'est du de pincettes d'accord donc qu'il a assez gros je sais pas si on arrive à la mjc qu'à la prostate mais je crois que le bout il est plus petit non je crois que le en de points de,peur ce être de de pincette de accord donc que il avoir assez gros je savoir pas si on arriver à le mjc que à le prostate mais je croire que le bout il être plus petit non je croire que le en de point de,N/A,N/A,N/A,42,N/A
enreJulien2_4.wav,vosk-model-small-fr-0.22,6.266,3.14,0.349,0.186,41,0.188,0.186,0.619,N/A,N/A,N/A,"bouillant 2.2, c'est un cathéter à ballon qui va nous permettre d'injecter de l'ONIX. Donc comme vous le savez l'ONIX ça fait mal. Donc il faudra bien qu'il dorme au moment de l'injection et ça coûtera rien.",bouillant 2.2 ce être un cathéter à ballon qui aller nous permettre de injecter de le oni donc comme vous le savoir le oni cela faire mal donc il falloir bien que il dormir au moment de le injection et cela coûter rien,boule en deux points de saint cathéter avalon qui va nous permettre d'injecter de l'aulne ils ont comme vous le savez l'onu que ça fait mal donc il faudra bien qui dorment au moment de l'injection et ça coûtera rien,boule en deux point de saint cathéter avalon qui aller nous permettre de injecter de le aulne il avoir comme vous le savoir le onu que cela faire mal donc il falloir bien qui dormir au moment de le injection et cela coûter rien,N/A,N/A,N/A,40,N/A
enreJulien2_5.wav,vosk-model-small-fr-0.22,8.079,69.94,0.25,0.0,34,0.189,0.0,0.649,N/A,N/A,N/A,"et ça coûtera rien de rajouter un peu de xylo quand on va injecter. Donc il faudra bien préparer. Donc vu qu'on va utiliser de l'Onyx, je vous propose de dès à présent de...",et cela coûter rien de rajouter un peu de xylo quand on aller injecter donc il falloir bien préparer donc voir que on aller utiliser de le onyx je vous proposer de dès à présent de,son et ça coûtera rien de rajouter un peu de xiv quand on injecte clip non il faudra bien préparé donc vu qu'on vous utiliser de l'eau nyx je vous propose de dès à présent de quoi,son et cela coûter rien de rajouter un peu de xiv quand on inject clip non il falloir bien préparer donc voir que on vous utiliser de le eau nyx je vous proposer de dès à présent de quoi,N/A,N/A,N/A,37,N/A
enreJulien2_6.wav,vosk-model-small-fr-0.22,6.323,6.07,0.257,0.314,23,0.126,0.229,0.625,N/A,N/A,N/A,"Je vous propose de dès à présent de commencer à l'agiter. Et sinon au niveau technique, donc on va rester en quête French. On va faire comme d'habitude, d'abord fermer au droit.",je vous proposer de dès à présent de commencer à le agiter et sinon au niveau technique donc on aller rester en quête french on aller faire comme de habitude de abord fermer au droit,je vous propose de dès à présent de commensal l'agiter sinon niveau technique donc on va restant quatre french on va faire comme d'habitude d'abord ferme aura le droit,je vous proposer de dès à présent de commensal le agiter sinon niveau technique donc on aller rester quatre french on aller faire comme de habitude de abord ferme avoir le droit,N/A,N/A,N/A,29,N/A
enreJulien2_7.wav,vosk-model-small-fr-0.22,6.646,-11.5,0.333,0.0,51,0.249,0.0,0.586,N/A,N/A,N/A,"d'abord fait au moral droit, c'est un geste que je pense qu'il va pas être trop long. A mon avis il faut que dans deux heures ça soit terminé, en tout cas à la préview sur deux heures maximum.",de abord faire au moral droit ce être un geste que je penser que il aller pas être trop long avoir mon avis il falloir que dans deux heure cela être terminer en tout cas à le préview sur deux heure maximum,tu dois d'abord ferme aura le droit à un geste que je vais je pense qu'il va pas être trop long à mon avis il faut dans deux heures ce soit terminé en tout cas la prévu sur deux heures maximum,tu devoir de abord ferme avoir le droit à un geste que je aller je penser que il aller pas être trop long à mon avis il falloir dans deux heure ce être terminer en tout cas le prévoir sur deux heure maximum,N/A,N/A,N/A,41,N/A
enreJulien2_8.wav,vosk-model-small-fr-0.22,5.457,3.72,0.37,0.222,27,0.197,0.222,0.59,N/A,N/A,N/A,sur deux heures maximum et le patient derrière il est en HDJ il retournera chez lui donc pensez bien à faire le courrier d'HDJ. Allez go !,sur deux heure maximum et le patient derrière il être en hdj il retourner chez luire donc penser bien à faire le courrier de hdj aller go,vu sur deux heures maximum et le patient derrière il en hd gir tournera chez lui donc pensait bien faire le courrier d'agir à l'égout,voir sur deux heure maximum et le patient derrière il en hd gir tourner chez luire donc penser bien faire le courrier de agir à le égout,N/A,N/A,N/A,25,N/A
enreJulien2_9.wav,vosk-model-small-fr-0.22,3.243,-29.52,1.333,0.0,10,1.0,0.0,0,N/A,N/A,N/A,à l'égout,à le égout,j'y allais go,je y aller go,N/A,N/A,N/A,3,N/A
enreJulien3_0.wav,vosk-model-small-fr-0.22,7.12,28.0,0.357,0.0,30,0.349,0.0,0.659,N/A,N/A,N/A,Bonjour tout le monde. Aujourd'hui on va traiter madame Sally Fatima qui se plaît.,bonjour tout le monde aujourd'hui on aller traiter monsieur sally fatima qui se plaire,dans ma chambre bonjour tout le monde aujourd'hui on va traiter mme sally fatima qui se,dans mon chambre bonjour tout le monde aujourd'hui on aller traiter mme sally fatima qui se,N/A,N/A,N/A,16,N/A
enreJulien3_1.wav,vosk-model-small-fr-0.22,6.367,-7.69,0.579,0.0,38,0.29,0.0,0.378,N/A,N/A,N/A,qui se plaint de réctoratgées abondantes depuis quelques mois avec anémies nécessitant des transfusions. Donc aujourd'hui on va traiter...,qui se plaindre de réctoratgée abondant depuis quelque mois avec anémie nécessiter un transfusion donc aujourd'hui on aller traiter,demain qui se plaint du rectorat est abondante depuis quelques mois avec anémie mais stands des transfusions non qu'aujourd'hui en votre aide,demain qui se plaindre de rectorat être abondant depuis quelque mois avec anémie mais stand de transfusion non que aujourd'hui en votre aide,N/A,N/A,N/A,22,N/A
enreJulien3_10.wav,vosk-model-small-fr-0.22,7.79,20.7,0.52,0.0,38,0.264,0.0,0.405,N/A,N/A,N/A,moyenne en opacifiant au niveau de l'arthérectale inférieure au niveau des rectales supérieures. Si on décèle des rectales moyennes on va les emboliser par,moyen en opacifiant au niveau de le arthérectale inférieur au niveau de rectal supérieur si on déceler un rectal moyen on aller le emboliser par,all moyenne en opacifiant au niveau de l'artère talent inférieur au niveau des à rectal supérieur puissions décèle direct à rectal moyen long les embouts lisez pas,all moyen en opacifiant au niveau de le artère talent inférieur au niveau de à rectal supérieur pouvoir déceler direct à rectal moyen long le embout lire pas,N/A,N/A,N/A,27,N/A
enreJulien3_11.wav,vosk-model-small-fr-0.22,5.216,-41.08,0.769,0.0,30,0.423,0.0,0.385,N/A,N/A,N/A,par l'arter il y a quinterne. Voilà donc faites bien la vérification.,par le arter il y avoir quinterne voilà donc faire bien le vérification,lisez pas en passant par l'artère iliaque interne voilà donc faites bien la vérification que,lire pas en passer par le artère iliaque interne voilà donc faire bien le vérification que,N/A,N/A,N/A,15,N/A
enreJulien3_12.wav,vosk-model-small-fr-0.22,6.327,32.5,0.419,0.442,65,0.319,0.233,0.503,N/A,N/A,N/A,"que tout est bien, on a besoin de la scopie, de la graphie, on n'a pas besoin de scanners. Et voilà, on a fait qu'il n'y a pas d'allergie aux produits de contraste, pas d'allergie à la bêtise.",que tout être bien on avoir besoin de le scopie de le graphie on ne avoir pas besoin de scanner et voilà on avoir faire que il ne y avoir pas de allergie à produit de contraste pas de allergie à le bêtise,question que tout est bien là besoin de l'asc pied de la graphie elle a pas besoin de scanner et voilà en effet pas d'allergie aux produit de contraste pas d'allergie,question que tout être bien là besoin de le asc pied de le graphie lui avoir pas besoin de scanner et voilà en effet pas de allergie à produit de contraste pas de allergie,N/A,N/A,N/A,31,N/A
enreJulien3_13.wav,vosk-model-small-fr-0.22,5.658,-24.46,0.308,0.692,10,0.143,0.692,0.688,N/A,N/A,N/A,"allergie aux produits de contraste, pas d'allergie à la bétadine. Voilà. Go !",allergie à produit de contraste pas de allergie à le bétadine voilà go,l'allergie produit de contraste pas d'allergie à la bétadine moi good,le allergie produit de contraste pas de allergie à le bétadine moi good,N/A,N/A,N/A,11,N/A
enreJulien3_2.wav,vosk-model-small-fr-0.22,5.972,8.83,0.571,0.286,36,0.286,0.286,0.274,N/A,N/A,N/A,"Donc aujourd'hui on va traiter, on va aboliser les hémorhides internes. Donc ça sera un abord fémoral droit en quatre franches.",donc aujourd'hui on aller traiter on aller aboliser le hémorhide interne donc cela être un abord fémoral droit en quatre franc,non qu'aujourd'hui on va traiter mort beau les hémorroïdes internes on se fera un bord fémorale droit en quatre frangin,non que aujourd'hui on aller traiter mort beau le hémorroïde interne on se faire un bord fémorale droit en quatre frangin,N/A,N/A,N/A,20,N/A
enreJulien3_3.wav,vosk-model-small-fr-0.22,7.137,4.17,0.55,0.15,33,0.254,0.15,0.392,N/A,N/A,N/A,droit en quatre frinches. On va prendre une sonde SIM1 pour cathétériser l'artéomysantérique inférieure et après un micro cathéter.,droit en quatre frinche on aller prendre un sonde sim1 pour cathétériser le artéomysantérique inférieur et après un micro cathéter,droit en quatre frangin reprendre une sonde sim un pour cathéter été alertés amusante avec inférieur et après un micro cathéter,droit en quatre frangin reprendre un sonde sim un pour cathéter être alerter amusant avec inférieur et après un micro cathéter,N/A,N/A,N/A,21,N/A
enreJulien3_4.wav,vosk-model-small-fr-0.22,6.306,-4.59,0.68,0.0,57,0.487,0.0,0.215,N/A,N/A,N/A,Et après un micro cathéter 2.0 ou 1.9. Qu'est ce qu'on a en micro cathéter ? On prendra un Boston 1.9 et on va...,et après un micro cathéter 2.0 ou 1.9 que être ce que on avoir en micro cathéter on prendre un boston 1.9 et on aller,après un micro cathéter de point zéro un point neuf qu'est-ce qu'on en micro peut-être à en prendre à boston un poids neuf,après un micro cathéter de point zéro un point neuf que être -ce que on en micro peut-être à en prendre à boston un poids neuf,N/A,N/A,N/A,23,N/A
enreJulien3_5.wav,vosk-model-small-fr-0.22,6.95,-1.52,0.522,0.043,48,0.414,0.043,0.476,N/A,N/A,N/A,1.9 et on va prendre un micro guide phatom donc là on va cathétériser qu'est ce qu'il nous faut d'autres,1.9 et on aller prendre un micro guide phatom donc là on aller cathétériser que être ce que il nous falloir de autre,comme poids neuf fait on va prendre un micro guide fête homme une enclave cas de taizé qu'est ce qu'il nous faut d'autres,comme poids neuf faire on aller prendre un micro guid fête homme un enclave cas de taizé que être ce que il nous falloir de autre,N/A,N/A,N/A,23,N/A
enreJulien3_6.wav,vosk-model-small-fr-0.22,8.579,18.46,0.515,0.091,60,0.324,0.091,0.376,N/A,N/A,N/A,"qu'est ce qu'il nous faut d'autre on prépare l'injecteur pour faire une artéographie au niveau de l'artéomysantérique inférieur et on va emboliser avec des coils, des petits coils",que être ce que il nous falloir de autre on préparer le injecteur pour faire un artéographie au niveau de le artéomysantérique inférieur et on aller emboliser avec un coil un petit coil,lisez qu'est-ce qu'il nous faut d'autres prépare l'injecteur faire une thermographie un nouveau de l'artère mésentente avec inférieur et on va en bambou avec décorer le diptyque oil,lire que être -ce que il nous falloir de autre préparer le injecteur faire un thermographie un nouveau de le artère mésentent avec inférieur et on aller en bambou avec décorer le diptyque oil,N/A,N/A,N/A,28,N/A
enreJulien3_7.wav,vosk-model-small-fr-0.22,7.633,-8.21,0.483,0.31,45,0.294,0.276,0.409,N/A,N/A,N/A,"avec des coils, des petits coils Nestor ou Tornado 2 mm et 3 mm. Donc on prépare tout ça, une simple sédation suffit, on n'a pas besoin de...",avec un coil un petit coil nestor ou tornado 2 millimètre et 3 millimètre donc on préparer tout cela un simple sédation suffire on ne avoir pas besoin de,lisa avec décorer le diptyque oil stéréo tornado de mm et trois mm sans qu'on prépare tout ça une simple sédation suffit en a pas besoin de,liser avec décorer le diptyque oil stéréo tornado de millimètre et trois millimètre sans que on préparer tout cela un simple sédation suffire en avoir pas besoin de,N/A,N/A,N/A,27,N/A
enreJulien3_8.wav,vosk-model-small-fr-0.22,7.034,-11.03,0.344,0.125,34,0.205,0.0,0.569,N/A,N/A,N/A,"Une simple oscillation suffit, on n'a pas besoin de l'anesthésie générale. La patiente, elle est bien consciente. On discutera au fur et à mesure si il y a un souci.",un simple oscillation suffire on ne avoir pas besoin de le anesthésie général le patient lui être bien conscient on discuter au fur et à mesure si il y avoir un souci,la sédation suffit en a pas besoin de de l'anesthésie générale la patiente elle est bien consciente on discutera au fur à mesure c'est un souci,le sédation suffire en avoir pas besoin de de le anesthésie général le patient lui être bien conscient on discuter au fur à mesure ce être un souci,N/A,N/A,N/A,26,N/A
enreJulien3_9.wav,vosk-model-small-fr-0.22,7.903,5.72,0.241,0.103,22,0.159,0.069,0.633,N/A,N/A,N/A,"au fur et à mesure, c'est un souci. Donc après, si on va déceler des branches de l'arter rectal moyenne en opacifiant au niveau de l'arter.",au fur et à mesure ce être un souci donc après si on aller déceler un branche de le arter rectal moyen en opacifiant au niveau de le arter,au fur à mesure c'est un associé en cas précis on va déceler des branches de l'artère rectal moyenne en opacifiant au niveau de l'artère,au fur à mesure ce être un associer en cas précis on aller déceler un branche de le artère rectal moyen en opacifiant au niveau de le artère,N/A,N/A,N/A,25,N/A
enreJulien4_0.wav,vosk-model-small-fr-0.22,5.863,-20.97,0.32,0.48,27,0.229,0.32,0.629,N/A,N/A,N/A,"Ok, donc on va s'occuper de monsieur Poveda. Donc c'est un patient qui vient pour une tumeur du foie, c'est un CHC.",ok donc on aller se occuper de Monsieur poveda donc ce être un patient qui venir pour un tumeur de foie ce être un chc,ok donc on va s'occuper de monsieur pouvez védas donc un patient qui vient pour une tumeur du foie sincère,ok donc on aller se occuper de Monsieur pouvoir véda donc un patient qui venir pour un tumeur de foie sincère,N/A,N/A,N/A,20,N/A
enreJulien4_1.wav,vosk-model-small-fr-0.22,7.071,11.53,0.324,0.649,40,0.221,0.649,0.619,N/A,N/A,N/A,"Pour une tumeur du foie, c'est un CHC, on a déjà fait la biopsie. Ce CHC, il n'est pas visible en imagerie, donc il faudra qu'on lui fasse un marquage lipiodolé. Donc les manip...",pour un tumeur de foie ce être un chc on avoir déjà faire le biopsie ce chc il ne être pas visible en imagerie donc il falloir que on luire faire un marquage lipiodolé donc le manip,pour une tumeur du foie saint serge c'est en a déjà fait la biopsie ce sage c'est les pas visible en imagerie donc il faudra qu'on lui fasse un marquage lit piolet donc les manifs,pour un tumeur de foie saint serg ce être en avoir déjà faire le biopsie ce sage ce être le pas visible en imagerie donc il falloir que on luire faire un marquage lit piolet donc le manifestation,N/A,N/A,N/A,35,N/A
enreJulien4_10.wav,vosk-model-small-fr-0.22,8.172,6.87,0.408,0.286,76,0.293,0.041,0.434,N/A,N/A,N/A,"décubitus dorsal et il faudra bien lui lever la main droite au dessus de la tête. Donc quand vous avez levé la main droite, vous faites bien attention à son plexus brachal pour pas qu'il y ait de complications au réveil. Est ce que vous avez bien compris?",décubitus dorsal et il falloir bien luire lever le main droite au dessus de le tête donc quand vous avoir lever le main droite vous faire bien attention à son plexus brachal pour pas que il y avoir de complication au réveil être ce que vous avoir bien compris,décubitus dorsal il faut ravioles levez la main droite au dessus de la tête duncan j'ai la main droite vous faites bien attention à son clip suivra cale pour paquet de complications au réveil vous bien,décubitus dorsal il falloir raviole lever le main droite au dessus de le tête duncan je avoir le main droite vous faire bien attention à son clip suivre cale pour paquet de complication au réveil vous bien,N/A,N/A,N/A,36,N/A
enreJulien4_11.wav,vosk-model-small-fr-0.22,5.801,-17.31,0.366,0.024,41,0.208,0.0,0.586,N/A,N/A,N/A,réveil est ce que vous avez bien compris à il ya l'anesthésie ce qui me demande si on met de la jet effectivement vu que la lésion est dans le dôme et ben il faudra qu'on ait la jette,réveil être ce que vous avoir bien compris à il yer le anesthésie ce qui me demande si on mettre de le jet effectivement voir que le lésion être dans le dôme et ben il falloir que on avoir le jeter,quant au réveil est-ce que vous avez bien compris aille à l'anesthésie ce qui me demande si on met de la jet effectivement vu que la lésion les dans le doubs ébahis fois qu'on est là jet,quant au réveil être -ce que vous avoir bien compris aill à le anesthésie ce qui me demande si on mettre de le jet effectivement voir que le lésion le dans le doub ébahir fois que on être là jet,N/A,N/A,N/A,37,N/A
enreJulien4_12.wav,vosk-model-small-fr-0.22,5.822,-4.52,0.261,0.043,19,0.173,0.0,0.628,N/A,N/A,N/A,et bien il faudra qu'on ait la jette donc vous mettrez la jette au moment de l'ablation pas avant. Allez go !,et bien il falloir que on avoir le jeter donc vous mettre le jette au moment de le ablation pas avant aller go,de ébahis fois qu'on est la jette donc vous mettrez la jet au moment de l'ablation pas avant allez go,de ébahir fois que on être le jeter donc vous mettre le jet au moment de le ablation pas avant aller go,N/A,N/A,N/A,20,N/A
enreJulien4_2.wav,vosk-model-small-fr-0.22,5.684,1.82,0.405,0.054,47,0.254,0.0,0.556,N/A,N/A,N/A,"Donc les manip, il faut que vous préparez la table pour faire un abord artériel. Il n'y a pas de ligaments archés donc on va y aller avec une sonde Cobra. On fera un abord fémoral.",donc le manip il falloir que vous préparer le table pour faire un abord artériel il ne y avoir pas de ligament archer donc on aller y aller avec un sonde cobra on faire un abord fémoral,je lis piolet donc les manies pour vous prépariez la table pour faire un abord artérielle y a pas de liga marqué donc on va y aller avec une sonde cobra enfreint d'abord fémorale,je lire piolet donc le manie pour vous préparer le table pour faire un abord artériel y avoir pas de liga marquer donc on aller y aller avec un sonde cobra enfreindre de abord fémorale,N/A,N/A,N/A,34,N/A
enreJulien4_3.wav,vosk-model-small-fr-0.22,6.013,-3.25,0.364,0.273,37,0.213,0.273,0.459,N/A,N/A,N/A,"On fera un abord fémoral droit chez lui et on utilisera du lipiodole, on prendra environ 2 cc qu'on mélangera avec 5 cc d'eau et faudra aller dans l'arthérapathique droite.",on faire un abord fémoral droit chez luire et on utiliser de lipiodole on prendre environ 2 cc que on mélanger avec 5 cc de eau et falloir aller dans le arthérapathiqu droite,on froid d'abord fémorale droit chez lui et on utilisera du liban dole on prendra environ de cesser qu'on mélange avec cinq cesser d'eau et faudra aller dans l'artère hépatique droite,on froid de abord fémorale droit chez luire et on utiliser de liban doler on prendre environ de cesser que on mélange avec cinq cesser de eau et falloir aller dans le artère hépatique droite,N/A,N/A,N/A,31,N/A
enreJulien4_4.wav,vosk-model-small-fr-0.22,7.775,16.04,0.357,0.024,48,0.21,0.0,0.51,N/A,N/A,N/A,"il faudra aller dans l'artériplatique droite pour repassifier son nodule. Pour être sûr qu'on l'a bien repassifié, on fera un scan, donc il faut préparer le scan. Donc il nous faudra l'enjeu et le scan. Un abort artériel.",il falloir aller dans le artériplatiqu droite pour repassifier son nodule pour être sûr que on le avoir bien repassifier on faire un scan donc il falloir préparer le scan donc il nous falloir le enjeu et le scan un abort artériel,pour il faudra aller dans l'artère hépatique droite pour opacifiés son module pour être sûr qu'on l'a bien opacifiant francesca n'en faut préparer le scan qu'il nous faudra l'anjou et le scan un labo artérielle,pour il falloir aller dans le artère hépatique droite pour opacifier son module pour être sûr que on le avoir bien opacifiant francesca ne en falloir préparer le scan que il nous falloir le anjou et le scan un labo artériel,N/A,N/A,N/A,35,N/A
enreJulien4_5.wav,vosk-model-small-fr-0.22,7.771,-8.13,0.438,0.25,37,0.223,0.219,0.463,N/A,N/A,N/A,"un abort artériel. Au scan, dès qu'on voit le nodule, on lui fera un traitement percutané, on va choisir des micro-ondes. C'est une lésion qui est dans le segment 7.",un abort artériel au scan dès que on voir le nodule on luire faire un traitement percutané on aller choisir un micro-onde ce être un lésion qui être dans le segment 7,dans un labo artérielle au cas des convois le le nodule on lui fera un traitement père cutanée on va choisir des micro-ondes si lésions qu'est dans le segment sept,dans un labo artériel au cas de convoi le le nodule on luire faire un traitement pèr cutané on aller choisir un micro-onde si lésion que être dans le segment sept,N/A,N/A,N/A,30,N/A
enreJulien4_6.wav,vosk-model-small-fr-0.22,5.963,-6.09,0.333,0.077,43,0.201,0.026,0.493,N/A,N/A,N/A,lésion qui est dans le segment 7 donc il faut amener l'aiguille de micro-ondes. Elle est collée au diaphragme donc il va falloir qu'on décolle donc on prendra des aiguilles Shiba et on prendra soit du liquide,lésion qui être dans le segment 7 donc il falloir amener le aiguille de micro-onde lui être coller au diaphragme donc il aller falloir que on décoller donc on prendre un aiguille shiba et on prendre être de liquide,lésions ok dans le segment fait donc fois mais l'aigu de micro-ondes elle est collé au diaphragme donc il va falloir qu'on d'école dont comprendra des aiguilles shiba et on prendra choix du liquide,lésion ok dans le segment faire donc fois mais le aigu de micro-ondes lui être coller au diaphragme donc il aller falloir que on de école dont comprendre un aiguille shiba et on prendre choix de liquide,N/A,N/A,N/A,34,N/A
enreJulien4_7.wav,vosk-model-small-fr-0.22,7.419,3.17,0.279,0.023,34,0.15,0.023,0.641,N/A,N/A,N/A,Chiba et on prendra soit du liquide soit du co2 donc il va nous falloir du liquide du co2 quand vous allez prendre le liquide c'est important de mettre un peu de contraste pas trop pour paquet d'artefacts donc vous mettez,chiba et on prendre être de liquide être de co2 donc il aller nous falloir de liquide de co2 quand vous aller prendre le liquide ce être important de mettre un peu de contraste pas trop pour paquet de artefact donc vous mettre,ii shiba et on prendra choix du liquide soit du ceo de vos qui va nous falloir du liquide du ceo de quand vous allez prendre le liquide important de mettre un peu de contraste pas trop pour paquet d'artefacts on vous mettrez,ii shiba et on prendre choix de liquide être de ceo de votre qui aller nous falloir de liquide de ceo de quand vous aller prendre le liquide important de mettre un peu de contraste pas trop pour paquet de artefact on vous mettre,N/A,N/A,N/A,43,N/A
enreJulien4_8.wav,vosk-model-small-fr-0.22,6.208,-11.79,0.37,0.148,31,0.242,0.148,0.529,N/A,N/A,N/A,"pour paquet d'artefacts, vous mettraz 1 cc à peu près pour 20 cc d'eau et vous ferez vu la localisation et la taille du nodule",pour paquet de artefact vous mettraz 1 cc à peu près pour 20 cc de eau et vous faire voir le localisation et le taille de nodule,pour paquet d'artefacts on vous mettrez un c'est à peu près pour va cesser de dos et vous ferez vu la localisation et la taille d'une autre,pour paquet de artefact on vous mettre un ce être à peu près pour aller cesser de dos et vous faire voir le localisation et le taille de un autre,N/A,N/A,N/A,27,N/A
enreJulien4_9.wav,vosk-model-small-fr-0.22,5.328,-14.52,0.324,0.206,34,0.193,0.206,0.589,N/A,N/A,N/A,"Vu la localisation et la taille du nodule, je vous propose de faire 100 ou 10 minutes. Donc le patient, il sera sous-âgé, bien sûr. Il sera en décubitus dorsal et il faudra bien...",voir le localisation et le taille de nodule je vous proposer de faire 100 ou 10 minute donc le patient il être sous-âger bien sûr il être en décubitus dorsal et il falloir bien,vu la localisation et la taille d'une eau du je vous propose de faire cents watts dix minutes donc le patient israel sousa j'ai bien sûr il sera en décubitus dorsal il faudra bien,voir le localisation et le taille de un eau de je vous proposer de faire cent watt dix minute donc le patient israel sousa je avoir bien sûr il être en décubitus dorsal il falloir bien,N/A,N/A,N/A,34,N/A
enreVincent1_0.wav,vosk-model-small-fr-0.22,5.373,1.29,0.333,0.867,19,0.224,0.6,0.492,N/A,N/A,N/A,"Bonjour, nous faisons le briefing du patient Rémy Dubois. Donc l'identité a bien été.",bonjour nous faire le briefing de patient rémy dubois donc le identité avoir bien été,bonjour nous faisons le briefing du patient rémi dubois donc identité,bonjour nous faire le briefing de patient rémi dubois donc identité,N/A,N/A,N/A,11,N/A
enreVincent1_1.wav,vosk-model-small-fr-0.22,6.016,17.22,0.545,0.045,38,0.284,0.045,0.407,N/A,N/A,N/A,Donc l'identité a bien été vérifiée. Il s'agit d'une embolisation d'hémorroïdes. Alors nous allons installer Monsieur Ebine Dubois.,donc le identité avoir bien être vérifier il se agir de un embolisation de hémorroïde alors nous aller installer Monsieur ebine dubois,donc il a bien été vérifié donc qu'il s'agit d'une embolie notion des hémorroïdes alors nous avons installé sur i been du bois,donc il avoir bien être vérifier donc que il se agir de un embolie notion de hémorroïde alors nous avoir installer sur i been de bois,N/A,N/A,N/A,23,N/A
enreVincent1_10.wav,vosk-model-small-fr-0.22,4.745,-28.83,0.133,0.867,3,0.029,0.867,0.778,N/A,N/A,N/A,d'hydratation après. Il a été également identifié une allergie au produit de contraste. Normalement.,de hydratation après il avoir être également identifier un allergie au produit de contraste normalement,l'hydratation après il a été également identifié une allergie aux produits de contraste normalement,le hydratation après il avoir être également identifier un allergie à produit de contraste normalement,N/A,N/A,N/A,14,N/A
enreVincent1_11.wav,vosk-model-small-fr-0.22,4.935,2.84,0.0,1.0,0,0.0,1.0,1.0,N/A,N/A,N/A,"Contraste. Normalement, le patient a dû être préparé pendant trois jours. Est-ce que cette préparation médicamenteuse a bien été faite ?",contrast normalement le patient avoir devoir être préparer pendant trois jour être -ce que ce préparation médicamenteux avoir bien être faire,contraste normalement le patient a dû être préparée pendant trois jours est-ce que cette préparation médicamenteuse a bien été faite,contrast normalement le patient avoir devoir être préparer pendant trois jour être -ce que ce préparation médicamenteux avoir bien être faire,N/A,N/A,N/A,20,N/A
enreVincent1_12.wav,vosk-model-small-fr-0.22,4.121,2.51,0.222,0.111,11,0.12,0.0,0.74,N/A,N/A,N/A,"OK, il n'y a pas d'autres facteurs de risque évoqués donc on peut installer le patient.",ok il ne y avoir pas de autre facteur de risque évoquer donc on pouvoir installer le patient,défaite ok y a pas d'autres facteurs de risque évoqué donc on peut installer patient,défaite ok y avoir pas de autre facteur de risque évoquer donc on pouvoir installer patient,N/A,N/A,N/A,15,N/A
enreVincent1_13.wav,vosk-model-small-fr-0.22,1.842,-10.56,1.0,0.6,24,0.774,0.0,0,N/A,N/A,N/A,On peut installer le passion,on pouvoir installer le passion,stay patients,stay patient,N/A,N/A,N/A,2,N/A
enreVincent1_2.wav,vosk-model-small-fr-0.22,3.27,6.02,0.467,0.133,17,0.187,0.133,0.469,N/A,N/A,N/A,Nous allons installer Monsieur Eby Dubois en position normale dans la salle avec un écographe.,nous aller installer Monsieur eby dubois en position normal dans le salle avec un écographe,nous avons installé sur ebay du bois en position normale dans la salle avec un échographie fin,nous avoir installer sur ebay de bois en position normal dans le salle avec un échographie fin,N/A,N/A,N/A,17,N/A
enreVincent1_3.wav,vosk-model-small-fr-0.22,3.359,1.74,0.5,0.071,21,0.253,0.071,0.521,N/A,N/A,N/A,un échographe en place et du méopas pour l'anesthésie pour réaliser l'intervention.,un échographe en place et de méopa pour le anesthésie pour réaliser le intervention,n'est grave fin en place et du mais au pas pour l'anesthésie pour réaliser l'intervention,ne être grave fin en place et de mais au pas pour le anesthésie pour réaliser le intervention,N/A,N/A,N/A,15,N/A
enreVincent1_4.wav,vosk-model-small-fr-0.22,3.734,5.35,0.24,0.52,23,0.16,0.52,0.686,N/A,N/A,N/A,"Pour réaliser l'intervention j'ai besoin d'un introducteur 4 French, d'une sonde Sidewinder 4F, d'un micro cathéter de type direction Berne.",pour réaliser le intervention je avoir besoin de un introducteur 4 french de un sonde sidewinder 4f de un micro cathéter de type direction berne,pour réaliser l'intervention j'ai besoin d'un interrupteur quatre french d'une sonde saïd windows quatre f d'un micro cathéter de type direction berne,pour réaliser le intervention je avoir besoin de un interrupteur quatre french de un sonde saïd windows quatre f de un micro cathéter de type direction berne,N/A,N/A,N/A,22,N/A
enreVincent1_5.wav,vosk-model-small-fr-0.22,3.79,4.71,0.4,0.0,21,0.256,0.0,0.561,N/A,N/A,N/A,type direction Berne j'utiliserai des micro coils de type micro Nestor 2-7 mm,type direction berne je utiliser un micro coil de type micro nestor 2 7 millimètre,ce type direction berne j'utiliserai des micros coil de type peu micro naissent terre de thiès mm,ce type direction berne je utiliser un micro coil de type peu micro naître terre de thiè millimètre,N/A,N/A,N/A,17,N/A
enreVincent1_6.wav,vosk-model-small-fr-0.22,3.735,-5.24,0.353,0.0,21,0.2,0.0,0.663,N/A,N/A,N/A,"2,7 mm. Chez ce patient nous avons identifié des troubles de la coagulation il est donc nécessaire","2,7 millimètre chez ce patient nous avoir identifier un trouble de le coagulation il être donc nécessaire",terre de thiès mm chaise passion nous avons identifié des troubles de la coagulation il est donc nécessaire,terre de thiè millimètre chaise passion nous avoir identifier un trouble de le coagulation il être donc nécessaire,N/A,N/A,N/A,18,N/A
enreVincent1_7.wav,vosk-model-small-fr-0.22,3.649,-4.3,0.261,0.0,24,0.195,0.0,0.717,N/A,N/A,N/A,Il est donc nécessaire de réaliser une fermeture du point de ponction à l'aide d'un système de fermeture type Exocythe 5F.,il être donc nécessaire de réaliser un fermeture de point de ponction à le aide de un système de fermeture type exocythe 5f,création il est donc nécessaire de réaliser une fermeture du bois de ponction à l'aide d'un système de fermeture type aussi le cinq f,création il être donc nécessaire de réaliser un fermeture de bois de ponction à le aide de un système de fermeture type aussi le cinq f,N/A,N/A,N/A,24,N/A
enreVincent1_8.wav,vosk-model-small-fr-0.22,3.607,5.64,0.4,0.0,15,0.181,0.0,0.666,N/A,N/A,N/A,exaustile 5F. Il y a par ailleurs aussi une insuffisance rénale limite donc il sera,exaustil 5f il y avoir par ailleurs aussi un insuffisance rénal limite donc il être,c'est aussi le cinq f il y a par ailleurs aussi une insuffisance rénale limite donc il sera,ce être aussi le cinq f il y avoir par ailleurs aussi un insuffisance rénal limite donc il être,N/A,N/A,N/A,18,N/A
enreVincent1_9.wav,vosk-model-small-fr-0.22,3.541,-3.66,0.25,0.25,11,0.097,0.1,0.638,N/A,N/A,N/A,donc il sera très important de limiter au maximum l'injection de proie de contraste et de prévoir une hydratation,donc il être très important de limiter au maximum le injection de proie de contraste et de prévoir un hydratation,donc sera très important de limiter au maximum l'injection de troyes contrastées de prévoir une hydratation,donc être très important de limiter au maximum le injection de troyes contrastée de prévoir un hydratation,N/A,N/A,N/A,16,N/A
enreVincent2_0.wav,vosk-model-small-fr-0.22,3.081,-15.13,0.188,0.562,6,0.06,0.562,0.744,N/A,N/A,N/A,"Bonjour, on attaque le briefing pour monsieur Vincent Vidal. Donc l'identité a bien été vérifiée.",bonjour on attaquer le briefing pour Monsieur vincer vidal donc le identité avoir bien être vérifier,bonjour l'attaque le briefing pour monsieur vincent vidal donc la l'identité a bien été vérifiée,bonjour le attaque le briefing pour Monsieur vincer vidal donc le le identité avoir bien être vérifier,N/A,N/A,N/A,15,N/A
enreVincent2_1.wav,vosk-model-small-fr-0.22,3.835,16.37,0.105,0.0,5,0.045,0.0,0.847,N/A,N/A,N/A,"l'identité a bien été vérifiée. Ok, donc le patient va être installé en position standard sur la table.",le identité avoir bien être vérifier ok donc le patient aller être installer en position standard sur le table,à l'identité a bien été vérifié et ok donc le patient va être installé en position standard sur la table,à le identité avoir bien être vérifier et ok donc le patient aller être installer en position standard sur le table,N/A,N/A,N/A,20,N/A
enreVincent2_10.wav,vosk-model-small-fr-0.22,3.274,-14.69,0.217,0.391,14,0.101,0.348,0.738,N/A,N/A,N/A,"Il n'y a pas de problématique identifiée très clairement chez ce patient, notamment pas de problème de coagulation ou de fonction orale.",il ne y avoir pas de problématique identifier très clairement chez ce patient notamment pas de problème de coagulation ou de fonction oral,hum il n'y a pas de problématiques identifier très clairement chaise patients notamment pas de problème de coagulation ou fonction ans,hum il ne y avoir pas de problématique identifier très clairement chaise patient notamment pas de problème de coagulation ou fonction an,N/A,N/A,N/A,21,N/A
enreVincent2_11.wav,vosk-model-small-fr-0.22,3.529,3.97,0.467,0.267,20,0.235,0.0,0.402,N/A,N/A,N/A,"régulation ou de fonction rénale. Voilà, est-ce qu'il y a des questions particulières ?",régulation ou de fonction rénal voilà être -ce que il y avoir un question particulier,coagulation une fonction rénale voilà ce y a des questions particulières,coagulation un fonction rénal voilà ce y avoir un question particulier,N/A,N/A,N/A,11,N/A
enreVincent2_12.wav,vosk-model-small-fr-0.22,0.823,-9.82,N/A,N/A,N/A,N/A,N/A,N/A,N/A,N/A,N/A,N/A,N/A,,N/A,N/A,N/A,N/A,0,N/A
enreVincent2_2.wav,vosk-model-small-fr-0.22,3.039,2.44,0.438,0.312,17,0.187,0.312,0.521,N/A,N/A,N/A,à table avec comme matériel disponible un écographe pour faire la ponction du méopas pour la...,à table avec comme matériel disponible un écographe pour faire le ponction de méopa pour le,la table avec comme matériel disponible en écho grave pour faire la ponction du maillot pas pour,le table avec comme matériel disponible en écho grave pour faire le ponction de maillot pas pour,N/A,N/A,N/A,17,N/A
enreVincent2_3.wav,vosk-model-small-fr-0.22,3.874,68.21,0.429,0.048,23,0.185,0.048,0.429,N/A,N/A,N/A,du méopas pour l'anesthésie. Nous allons pratiquer une embolisation de prostate et il va donc falloir faire un abord fémoral.,de méopa pour le anesthésie nous aller pratiquer un embolisation de prostate et il aller donc falloir faire un abord fémoral,du mais pas pour l'anesthésie nous avons pratiqué une embolie de prostate va donc falloir faire un à bord fémorale,de mais pas pour le anesthésie nous avoir pratiquer un embolie de prostate aller donc falloir faire un à bord fémorale,N/A,N/A,N/A,20,N/A
enreVincent2_4.wav,vosk-model-small-fr-0.22,3.348,-11.37,0.278,0.722,17,0.17,0.722,0.641,N/A,N/A,N/A,"un abord fémoral six French au niveau du pli, un guinal droit, ensuite mettre en place un catéthérisme.",un abord fémoral six french au niveau de pli un guinal droit ensuite mettre en place un catéthérisme,a bord fémorale six french au niveau du pli un gwendal droit ensuite mettre en place un cathéter,avoir bord fémorale six french au niveau de pli un gwendal droit ensuite mettre en place un cathéter,N/A,N/A,N/A,18,N/A
enreVincent2_5.wav,vosk-model-small-fr-0.22,4.683,14.05,0.75,0.0,38,0.427,0.0,0.373,N/A,N/A,N/A,On va faire des injections à la seringue électrique avec du Product Contrast dilué à 50%,on aller faire un injection à le seringue électrique avec de product contrast diluer à 50,le cathéter guide rdc six f en froid des injections à la seringue électrique avec du produit contraste diluée à cinq ans,le cathéter guide rdc six f en froid de injection à le seringue électrique avec de produit contrast diluer à cinq an,N/A,N/A,N/A,22,N/A
enreVincent2_6.wav,vosk-model-small-fr-0.22,3.223,-22.04,0.467,0.533,30,0.366,0.467,0.506,N/A,N/A,N/A,le produit contraste est divisé à 50% j'aurai besoin comme micro cathéter de type,le produit contrast être diviser à 50 je avoir besoin comme micro cathéter de type,produit contraste diluée à cinquante pour cent j'aurais besoin comme micro cathéter de,produit contrast diluer à cinquante pour cent je avoir besoin comme micro cathéter de,N/A,N/A,N/A,13,N/A
enreVincent2_7.wav,vosk-model-small-fr-0.22,5.948,2.99,0.7,0.2,31,0.608,0.2,0.304,N/A,N/A,N/A,"de type progrète avec des guides de terumo 0,016 inch","de type progrète avec un guide de terumo 0,016 inch",de type progrès temps avec des guides de théoriquement zéro zéro seize chaîne,de type progrè temps avec un guide de théoriquement zéro zéro seize chaîne,N/A,N/A,N/A,13,N/A
enreVincent2_8.wav,vosk-model-small-fr-0.22,7.781,-6.7,0.8,0.467,41,0.427,0.467,0.286,N/A,N/A,N/A,inch. Ensuite je vais prendre comme agent d'ambolisation des microspheres type Ambospheres 500-700,inch ensuite je aller prendre comme agent de ambolisation de microsphere type ambosphere 500 700,hanches ensuite je vais prendre comme agent les actions des micros sphère type en faire cinq cents tirait sept cent,hanche ensuite je aller prendre comme agent le action de micro sphère type en faire cinq cent tirer sept cent,N/A,N/A,N/A,20,N/A
enreVincent2_9.wav,vosk-model-small-fr-0.22,6.644,3.81,1.182,0.0,52,0.945,0.0,0.0,N/A,N/A,N/A,500-700 et des micro-coils de type Nestair 2-7 mm,500 700 et de micro-coil de type nestair 2 7 millimètre,cinq cents tirait sept cents et des micros code de type inès terre de tirer sept mm homme,cinq cent tirer sept cent et de micro code de type inè terrer de tirer sept millimètre homme,N/A,N/A,N/A,18,N/A
